"ID";"Title";"ShortTitle";"Identifier";"Summary";"Modified";"ReasonDelivery";"ExplanatoryText";"Language";"Catalog";"Frequency";"Period";"ShortDescription";"Description";"DefaultPresentation";"DefaultSelection";"GraphTypes";"OutputStatus";"Source";"MetaDataModified";"SearchPriority"
"0";"Hoger onderwijs; eerste- en ouderejaarsstudenten, studierichting";"Ho; eerste- en ouderejaars";"83538NED";"Totaal ingeschrevenen, eerstejaarsstudenten, ouderejaarsstudenten
Geslacht, onderwijssoort, migratieachtergrond, studierichting";"2022-04-22T02:00:00";"Actualisering";"";"nl";"CBS";"Perjaar";"2010/'11 - 2021/'22";"Deze tabel bevat het aantal eerste- en ouderejaarsstudenten aan de door de overheid bekostigde instellingen voor het hoger onderwijs naar onderwijssoort, studierichting, migratieachtergrond en studiejaar.

Deze tabel bevat vanaf studiejaar 2015/'16 ook het aantal ingeschreven studenten aan enkele aangewezen instellingen: de theologische universiteiten en de Universiteit voor Humanistiek. Vanaf studiejaar 2016/'17 is ook de Transnationale Universiteit Limburg meegenomen. In deze tabel is gebruik gemaakt van de ISCED-F2013 indeling.

Deze tabel geeft per jaar de verdeling van de studenten over de verschillende studierichtingen weer. Vanwege clusteringen en splitsingen van studies van jaar op jaar is deze tabel minder geschikt voor een vergelijking van studierichtingen door de jaren heen.

Gegevens beschikbaar vanaf: studiejaar 2010/'11.

Status van de cijfers:
De cijfers over de studiejaren tot en met 2020/'21 zijn definitief en de cijfers over het studiejaar 2021/'22 zijn voorlopig.

Wijzigingen per 22 april 2022:
De definitieve cijfers over het studiejaar 2020/'21 zijn toegevoegd.

Wanneer komen de nieuwe cijfers?
In het eerste kwartaal van 2023 komen de voorlopige cijfers over het studiejaar 2022/'23 beschikbaar.
";"INHOUDSOPGAVE

1. Toelichting
2. Definities en verklaring van symbolen
3. Koppelingen naar relevante tabellen en artikelen
4. Bronnen en methoden
5. Meer informatie

1. TOELICHTING
Deze tabel bevat het aantal eerste- en ouderejaarsstudenten aan de door de overheid bekostigde instellingen voor het hoger onderwijs naar onderwijssoort, studierichting, migratieachtergrond en studiejaar.

Deze tabel bevat vanaf studiejaar 2015/'16 ook het aantal ingeschreven studenten aan enkele aangewezen instellingen: de theologische universiteiten en de Universiteit voor Humanistiek. Vanaf studiejaar 2016/'17 is ook de Transnationale Universiteit Limburg meegenomen. In deze tabel is gebruik gemaakt van de ISCED-F2013 indeling.

Deze tabel geeft per jaar de verdeling van de studenten over de verschillende studierichtingen weer. Vanwege clusteringen en splitsingen van studies van jaar op jaar is deze tabel minder geschikt voor een vergelijking van studierichtingen door de jaren heen.

Gegevens beschikbaar vanaf: studiejaar 2010/'11.

Status van de cijfers:
De cijfers over de studiejaren tot en met 2020/'21 zijn definitief en de cijfers over het studiejaar 2021/'22 zijn voorlopig.

Wijzigingen per 22 april 2022:
De definitieve cijfers over het studiejaar 2020/'21 zijn toegevoegd.

Wanneer komen de nieuwe cijfers?
In het eerste kwartaal van 2023 komen de voorlopige cijfers over het studiejaar 2022/'23 beschikbaar.

2. DEFINITIES EN VERKLARING VAN SYMBOLEN

Definities:

Eerstejaarsstudenten
Bij het hoger onderwijs is een eerstejaarsstudent iemand die voor het eerst ingeschreven is in het hoger onderwijs, waarbij voor de bepaling van de eerste inschrijving in de tijd is teruggekeken tot 1986. 
Als peildatum voor de bepaling van het aantal eerstejaars is 1 oktober gekozen. Inschrijvingen na die datum worden pas in het daaropvolgende studiejaar als eerstejaars meegenomen. 
Bij meerdere inschrijvingen in een jaar telt alleen de hoofdinschrijving. Een ingeschrevene die de overstap maakt van het hbo naar het wo (of omgekeerd van het wo naar het hbo) is twee maal eerstejaarsstudent: één maal in het hbo en één maal in het wo. Deze persoon is echter maar één maal eerstejaarsstudent hoger onderwijs.

Ouderejaarsstudenten
Ouderejaarsstudenten zijn studenten die op 1 oktober niet tot de categorie eerstejaarsstudenten worden gerekend maar die wel op deze datum staan ingeschreven bij een universiteit of hogeschool. 

Ingeschrevenen
Ingeschrevenen zijn mensen die hun college- of examengeld hebben betaald en van wie de inschrijvingsprocedure is voltooid. Als peildatum voor de bepaling van het aantal ingeschrevenen is gekozen voor 1 oktober. 

Onderwijssoort
Het hoger onderwijs (ho) bestaat uit wetenschappelijk onderwijs (wo) aan een door de overheid bekostigde universiteit of aangewezen instelling en hoger beroepsonderwijs (hbo) aan een door de overheid bekostigde hbo-instelling.

Studierichting
Bij de studierichting zijn de afzonderlijke studies gegroepeerd naar vakgebieden. Daarbij is gebruik gemaakt van een indeling van de Unesco, namelijk de 'International Standard Classification of Education (ISCED-F2013)', en de 'Standaard Onderwijsindeling (SOI)'.

In januari 2021 is de indeling van ho-opleidingen naar studierichting gewijzigd. Tevens is er een extra detailgroep ‘0719 Techniek en technische dienstverlening overig' bijgekomen. Deze wijzigingen zijn in de cijfers van alle jaren verwerkt.

Door clusteringen en splitsingen van studies van jaar op jaar zijn de cijfers over studierichtingen minder goed vergelijkbaar over tijd. Bijvoorbeeld in 2018 is de hbo-bachelor Creative Business gestart. Deze is deels voortgekomen uit de hbo-bachelor Media, Informatie en Communicatie. De laatste studie is ingedeeld bij studierichting journalistiek, gedrag en maatschappij. De nieuwe studie is ingedeeld bij de studierichting vormgeving, kunst, talen en geschiedenis. Hierdoor ontstaat een verschuiving van de ene naar de andere studierichting. Dergelijke veranderingen komen regelmatig voor. Bij het analyseren van tijdreeksen op het niveau van studierichting moet hier rekening mee gehouden worden.

Migratieachtergrond
Kenmerk dat weergeeft met welk land een persoon verbonden is op basis van het geboorteland van de ouders of van zichzelf.

Studiejaar
Een studiejaar loopt van 1 september tot en met 31 augustus van het volgende jaar.

Verklaring van symbolen: 

niets (blanco): het cijfer kan op logische gronden niet voorkomen
. : het cijfer is onbekend, onvoldoende betrouwbaar of geheim
* : voorlopige cijfers
** : nader voorlopige cijfers

De symbolen in deze tabel wijken af van de standaard symbolen. Waar normaal gesproken een punt (.) of een lege cel getoond wordt, staat in deze tabel een nul (0). De nul heeft in deze tabel dus drie betekenissen.

3. KOPPELINGEN NAAR RELEVANTE TABELLEN EN ARTIKELEN

Relevante tabellen:
<a href='https://opendata.cbs.nl/statline/#/CBS/nl/dataset/83539NED'>Hoger onderwijs; eerstejaarsstudenten, onderwijssoort en opleidingsfase</a>
<a href='https://opendata.cbs.nl/statline/#/CBS/nl/dataset/83540NED'>Hoger onderwijs; ingeschrevenen, onderwijssoort, opleidingsfase en -vorm</a>

4. BRONNEN EN METHODEN

De onderzoeksmethode van deze tabel is te vinden in de onderzoeksbeschrijving <a href='https://www.cbs.nl/nl-nl/onze-diensten/methoden/onderzoeksomschrijvingen/korte-onderzoeksbeschrijvingen/hoger-onderwijs'>Hoger onderwijs.</a>

Gegevens over studierichtingen en vakgebieden zijn te vinden in: <a href='http://uis.unesco.org/en/topic/international-standard-classification-education-isced'>International Standard Classification of Education (ISCED)</a>.

5. MEER INFORMATIE

<a href='https://www.cbs.nl/nl-nl/over-ons/contact/infoservice'>Infoservice</a>

Copyright (c) Centraal Bureau voor de Statistiek, Den Haag/Heerlen
Verveelvoudiging is toegestaan, mits het CBS als bron wordt vermeld.
";"ts=1645610227725&graphtype=Table&r=StudierichtingISCED2013&k=Onderwijssoort,Topics&t=Geslacht,Migratieachtergrond,Perioden";"$filter=((Geslacht eq 'T001038')) and ((Migratieachtergrond eq 'T001040')) and ((Onderwijssoort eq 'A028566') or (Onderwijssoort eq 'A025294') or (Onderwijssoort eq 'A025297')) and ((StudierichtingISCED2013 eq 'T001072') or (StudierichtingISCED2013 eq 'A010289') or (StudierichtingISCED2013 eq 'A010293') or (StudierichtingISCED2013 eq 'A010287') or (StudierichtingISCED2013 eq 'A010290') or (StudierichtingISCED2013 eq 'A010294') or (StudierichtingISCED2013 eq 'A010286') or (StudierichtingISCED2013 eq 'A010291') or (StudierichtingISCED2013 eq 'A010288') or (StudierichtingISCED2013 eq 'A010285') or (StudierichtingISCED2013 eq 'A010283') or (StudierichtingISCED2013 eq 'A010297')) and ((Perioden eq '2021SJ00'))&$select=Geslacht, Migratieachtergrond, Onderwijssoort, StudierichtingISCED2013, Perioden, TotaalIngeschrevenen_1, Eerstejaarsstudenten_2, Ouderejaarsstudenten_3";"Table,Bar";"Regulier";"CBS.";"2022-04-22T02:00:00";"2"
"DataProperties"
ID;Position;ParentID;Type;Key;Title;Description;ReleasePolicy;Datatype;Unit;Decimals;Default
"0";"0";;"Dimension";"Geslacht";"Geslacht";"Totaal mannen en vrouwen (inclusief geslacht onbekend).";;;;;
"1";"1";;"Dimension";"Migratieachtergrond";"Migratieachtergrond";"";;;;;
"2";"2";;"Dimension";"Onderwijssoort";"Onderwijssoort";"";;;;;
"3";"3";;"Dimension";"StudierichtingISCED2013";"Studierichting ISCED 2013";"";;;;;
"4";"4";;"TimeDimension";"Perioden";"Perioden";"";"true";;;;
"5";"5";;"Topic";"TotaalIngeschrevenen_1";"Totaal ingeschrevenen";"Ingeschrevenen zijn mensen die hun college- of examengeld hebben betaald en van wie de inschrijvingsprocedure is voltooid. Als peildatum voor de bepaling van het aantal ingeschrevenen is gekozen voor 1 oktober.
";;"Long";"aantal";"0";"Impossible"
"6";"6";;"Topic";"Eerstejaarsstudenten_2";"Eerstejaarsstudenten";"Bij het hoger onderwijs is een eerstejaarsstudent iemand die voor het eerst ingeschreven is in het hoger onderwijs, waarbij voor de bepaling van de eerste inschrijving in de tijd is teruggekeken tot 1986. 
Als peildatum voor de bepaling van het aantal eerstejaars is 1 oktober gekozen. Inschrijvingen na die datum worden pas in het daaropvolgende studiejaar als eerstejaars meegenomen. 
Bij meerdere inschrijvingen in een jaar telt alleen de hoofdinschrijving. Een ingeschrevene die de overstap maakt van het hbo naar het wo (of omgekeerd van het wo naar het hbo) is twee maal eerstejaarsstudent: één maal in het hbo en één maal in het wo. Deze persoon is echter maar één maal eerstejaarsstudent hoger onderwijs.
";;"Long";"aantal";"0";"Impossible"
"7";"7";;"Topic";"Ouderejaarsstudenten_3";"Ouderejaarsstudenten";"Ouderejaarsstudenten zijn studenten die op 1 oktober niet tot de categorie eerstejaarsstudenten worden gerekend maar die wel op deze datum staan ingeschreven bij een universiteit of hogeschool. 
";;"Long";"aantal";"0";"Impossible"
"Geslacht"
Key;Title;Description
"T001038";"Totaal mannen en vrouwen";"Totaal mannen en vrouwen (inclusief geslacht onbekend)."
"3000   ";"Mannen";""
"4000   ";"Vrouwen";""
"Migratieachtergrond"
Key;Title;Description
"1012600";"Nederlandse achtergrond";"Persoon van wie de beide ouders in Nederland zijn geboren."
"2012605";"Met migratieachtergrond";"Persoon van wie ten minste één ouder in het buitenland is geboren."
"2012655";"Westerse migratieachtergrond";"Persoon met als migratieachtergrond een van de landen in Europa (exclusief Turkije), Noord-Amerika en Oceanië, en Indonesië en Japan. 
Op grond van hun sociaal- economische en sociaal-culturele positie worden personen met een migratieachtergrond uit Indonesië en Japan tot de westerse migratieachtergrond gerekend. Het gaat vooral om mensen die in het voormalig Nederlands-Indië zijn geboren en werknemers van Japanse bedrijven met hun gezin."
"2012657";"Niet-westerse migratieachtergrond";"Persoon met als migratieachtergrond een van de landen in Afrika, Latijns-Amerika en Azië (exclusief Indonesië en Japan) of Turkije. Op grond van hun sociaal-economische en sociaal-culturele positie worden personen met een migratieachtergrond uit Indonesië en Japan tot de westerse migratieachtergrond gerekend. Het gaat vooral om mensen die in het voormalig Nederlands-Indië zijn geboren en werknemers van Japanse bedrijven met hun gezin."
"2012659";"Onbekende migratieachtergrond";"Onbekend, Internationaal gebied."
"T001040";"Totaal migratieachtergrond";"Kenmerk dat weergeeft met welk land een persoon verbonden is op basis van het geboorteland van de ouders of van zichzelf. Inclusief deelnemers met een onbekende migratieachtergrond.										
					"
"H008766";"Turkije";""
"H008673";"Marokko";"Marokko, Ifni, Spaanse Sahara, Westelijke Sahara."
"H008751";"Suriname";""
"H007119";"(voormalige) Nederlandse Antillen, Aruba";"Betreft een samentelling van de eilanden die tot het grondgebied van de Nederlandse Antillen en Aruba van vóór 10 oktober 2010 behoorden. Het gaat om de eilanden Bonaire, Curaçao, Saba, Sint-Eustatius, Sint-Maarten en Aruba. 
 
Vanaf 10 oktober 2010 zijn de Nederlandse Antillen ontbonden. Het Koninkrijk der Nederlanden bestaat dan uit vier landen: Nederland, Aruba, Curaçao en Sint Maarten. Alle eilanden hebben een nieuwe status. 
Curaçao en Sint Maarten zijn nieuwe landen binnen het Koninkrijk. Met een 'Status aparte' binnen het Koninkrijk zijn Curaçao en Sint Maarten autonome landen. De landen hebben een zelfstandig bestuur en zijn niet meer afhankelijk van Nederland. De openbare lichamen Bonaire, Sint Eustatius en Saba, ook wel Caribisch Nederland, hebben een diepere band met Nederland en functioneren als bijzondere gemeente van Nederland. 
 
Op 1 januari 1986 werd Aruba afgescheiden van de Nederlandse Antillen. Sinds die datum is Aruba een nieuw land binnen het Koninkrijk de Nederlanden. Met een 'Status aparte' binnen het Koninkrijk is Aruba een autonoom land. Aruba heeft een zelfstandig bestuur en is niet meer afhankelijk van Nederland."
"A008187";"Overige niet-westerse migratieachterg...";"Persoon met een niet-westerse migratieachtergrond:
Persoon met als migratieachtergrond een van de landen in Afrika, Latijns-Amerika en Azië (exclusief Indonesië en Japan) of Turkije. Op grond van hun sociaal-economische en sociaal-culturele positie worden personen met een migratieachtergrond uit Indonesië en Japan tot de westerse migratieachtergrond gerekend. Het gaat vooral om mensen die in het voormalig Nederlands-Indië zijn geboren en werknemers van Japanse bedrijven met hun gezin"
"Onderwijssoort"
Key;Title;Description
"A028566";"Hoger onderwijs";"Het hoger onderwijs omvat het hoger beroepsonderwijs en het wetenschappelijk onderwijs, waarin de studenten, die voor beide onderwijssoorten zijn ingeschreven slechts eenmaal zijn geteld.
"
"A025294";"Hoger beroepsonderwijs";"Het hoger beroepsonderwijs (hbo) is een onderwijssoort binnen het hoger onderwijs. Het hbo leidt over het algemeen op tot een bachelorgraad. Daarnaast zijn er kortere programma's die opleiden tot een associate degree. Ook kunnen hogescholen een masteropleiding aanbieden. Hbo-opleidingen worden verzorgd door hogescholen."
"A025297";"Wetenschappelijk onderwijs";"Het wetenschappelijk onderwijs (wo) is een onderwijssoort binnen het hoger onderwijs. Het wo leidt over het algemeen op tot een bachelor- of mastergraad. Ook is het mogelijk een diploma voor een vervolg- of beroepsopleiding te halen. Wo-opleidingen worden verzorgd door universiteiten."
"StudierichtingISCED2013"
Key;Title;Description
"T001072";"Totaal";""
"A010289";"01 Onderwijs";"Het gaat hierbij om lerarenopleidingen en de richtingen onderwijskunde en pedagogiek."
"A028029";"011 Onderwijskunde, lerarenopleiding...";"Onderwijskunde, lerarenopleidingen en pedagogisch-didactische cursussen

Dit omvat het onderwijs in de richting onderwijskunde, de lerarenopleidingen en pedagogisch-didactische cursussen"
"A028227";"0110 Onderwijskunde, lerarenopl. z.n.d.";"Dit omvat het onderwijs in de richting onderwijskunde, de lerarenopleidingen en pedagogisch-didactische cursussen. Het betreffen brede programma's zonder nadere differentiatie (z.n.d.)."
"A028030";"0111 Onderwijskunde";"Dit omvat het onderwijs in de richting onderwijskunde"
"A028031";"0112 Opleiding kleuterleidsters";"Dit omvat het onderwijs in de richting kleuteronderwijs"
"A028032";"0113 Lerarenopleiding basisonderwijs,...";"Lerarenopleiding basisonderwijs, speciaal onderwijs en basiseducatie

Dit omvat de lerarenopleidingen voor basisonderwijs, speciaal onderwijs en basiseducatie"
"A028033";"0114 Lerarenopleiding algemene en ber...";"Lerarenopleiding algemene en beroepsgerichte vakken

Dit omvat de lerarenopleidingen in algemene en beroepsgerichte vakken"
"A010293";"02 Vormgeving, kunst, talen en gesch... ";"Vormgeving, kunst, talen en geschiedenis. Het gaat hier onder meer om de richtingen grafische vormgeving, audiovisuele productie, muziek- en kunstonderwijs, (vreemde) talen, geschiedenis, archeologie en filosofie."
"A028228";"020 Vormgeving, kunst, talen… z.n.d.";"Brede programma's in de richting vormgeving, kunst, talen en geschiedenis zonder nadere differentiatie (z.n.d.)."
"A028229";"0200 Vormgeving, kunst, talen… z.n.d.";"Brede programma's in de richting vormgeving, kunst, talen en geschiedenis zonder nadere differentiatie (z.n.d.)."
"A028035";"021 Kunst";"Dit omvat het onderwijs in de richting kunst"
"A028230";"0210 Kunst z.n.d.";"Dit omvat het onderwijs in de richting kunst. Het betreffen brede programma's zonder nadere differentiatie (z.n.d.)."
"A028036";"0211 Audiovisuele techniek en mediapr...";"Audiovisuele techniek en mediaproductie

Dit omvat het onderwijs in de richting audiovisuele techniek en mediaproductie"
"A028037";"0212 Mode-, interieur- en industriële...";"Mode-, interieur- en industriële vormgeving

Dit omvat het onderwijs in de richting mode-, interieur- en industriële vormgeving"
"A028038";"0213 Beeldende kunst, kunstgeschiedenis";"Dit omvat het onderwijs in de richting beeldende kunst, kunstgeschiedenis"
"A028039";"0214 Kunstnijverheid";"Dit omvat het onderwijs in de richting kunstnijverheid"
"A028040";"0215 Muziek en theater";"Dit omvat het onderwijs in de richting muziek en theater"
"A028041";"022 Geesteswetenschappen";"Dit omvat het onderwijs in de richting geesteswetenschappen"
"A028231";"0220 Geesteswetenschappen z.n.d.";"Dit omvat het onderwijs in de richting geesteswetenschappen. Het betreffen brede programma's zonder nadere differentiatie (z.n.d.)."
"A028042";"0221 Theologie, levensbeschouwing";"Dit omvat het onderwijs in de richting theologie, levensbeschouwing"
"A028043";"0222 Geschiedenis, archeologie";"Dit omvat het onderwijs in de richting geschiedenis, archeologie"
"A028044";"0223 Filosofie en ethiek";"Dit omvat het onderwijs in de richting filosofie en ethiek"
"A028045";"023 Talen";"Dit omvat het onderwijs in de richting talen"
"A028232";"0230 Talen z.n.d.";"Dit omvat het onderwijs in de richting talen. Het betreffen brede programma's zonder nadere differentiatie (z.n.d.)."
"A028046";"0231 Vreemde talen";"Dit omvat het onderwijs in de richting vreemde talen"
"A028047";"0232 Moedertaal, literatuur-, taalwe...";"Moedertaal, literatuur-, taalwetenschap

Dit omvat het onderwijs in de richting moedertaal, literatuur-, taalwetenschap"
"A010287";"03 Journalistiek, gedrag en maatschappij";"Het gaat hier onder meer om de richtingen psychologie, sociologie, politicologie, economie en journalistiek."
"A028233";"030 Journalistiek, gedrag en… z.n.d.";"Brede programma's in de richting journalistiek, gedrag en maatschappij zonder nadere differentiatie (z.n.d.)."
"A028234";"0300 Journalistiek, gedrag en… z.n.d.";"Brede programma's in de richting journalistiek, gedrag en maatschappij zonder nadere differentiatie (z.n.d.)."
"A028049";"031 Gedrag en maatschappij";"Dit omvat het onderwijs in de richting gedrag en maatschappij"
"A028235";"0310 Gedrag en maatschappij z.n.d.";"Dit omvat het onderwijs in de richting gedrag en maatschappij. Het betreffen brede programma's zonder nadere differentiatie (z.n.d.)."
"A028050";"0311 Economie en econometrie";"Dit omvat het onderwijs in de richting economie en econometrie"
"A028051";"0312 Politicologie, maatschappijweten...";"Politicologie en maatschappijwetenschappen

Dit omvat het onderwijs in de richting politicologie en maatschappijwetenschappen"
"A028052";"0313 Psychologie";"Dit omvat het onderwijs in de richting psychologie"
"A028053";"0314 Sociologie en culturele wetensch...";"Sociologie en culturele wetenschappen

Dit omvat het onderwijs in de richting sociologie en culturele wetenschappen"
"A028054";"032 Journalistiek, informatievoorziening";"Dit omvat het onderwijs in de richting journalistiek, informatievoorziening"
"A028236";"0320 Journalistiek, informatie… z.n.d.";"Dit omvat het onderwijs in de richting journalistiek, informatievoorziening. Het betreffen brede programma's zonder nadere differentiatie (z.n.d.)."
"A028055";"0321 Journalistiek";"Dit omvat het onderwijs in de richting journalistiek"
"A028056";"0322 Bibliotheek, documentaire inform...";"Bibliotheek, documentaire informatievoorziening

Dit omvat het onderwijs in de richting bibliotheek, documentaire informatievoorziening"
"A010290";"04 Recht, administratie, handel en za…";"Recht, administratie, handel en zakelijke dienstverlening.

Het gaat hier onder meer om de richtingen recht, juridische ondersteuning, administratie, bedrijfskunde, handel, marketing, financiële en zakelijke dienstverlening."
"A028237";"040 Recht, administratie, handel z.n.d.";"Brede programma's in de richtingen recht, administratie, handel en zakelijke dienstverlening.
 Het betreffen brede programma's zonder nadere differentiatie (z.n.d.)."
"A028238";"0400 Recht, administratie, handel z.n.d.";"Brede programma's in de richtingen recht, administratie, handel en zakelijke dienstverlening.
 Het betreffen brede programma's zonder nadere differentiatie (z.n.d.)."
"A028058";"041 Bedrijfskunde en administratie";"Dit omvat het onderwijs in de richting bedrijfskunde en administratie"
"A028239";"0410 Bedrijfskunde, administratie z.n.d.";"Dit omvat het onderwijs in de richting bedrijfskunde en administratie. Het betreffen brede programma's zonder nadere differentiatie (z.n.d.)."
"A028059";"0411 Financieel management en belast..";"Financieel management en belastingen. Dit omvat het onderwijs in de richting financieel management en belastingen."
"A028060";"0412 Financiële dienstverlening";"Dit omvat het onderwijs in de richting financiële dienstverlening"
"A028061";"0413 Management bedrijfs- en personee…";"Management bedrijfs- en personeelswetenschappen

Dit omvat het onderwijs in de richting management bedrijfs- en personeelswetenschappen"
"A028062";"0414 Marketing en public relations";"Dit omvat het onderwijs in de richting marketing en public relations"
"A028063";"0415 Secretariële en administratieve...";"Secretariële en administratieve ondersteuning

Dit omvat het onderwijs in de richting secretariële en administratieve ondersteuning"
"A028064";"0416 Groothandel en detailhandel";"Dit omvat het onderwijs in de richting groothandel en detailhandel"
"A028065";"0417 Werkgerelateerde en bedrijfsger ...";"Werkgerelateerde en bedrijfsgerichte trainingen

Dit omvat werkgerelateerde en bedrijfsgerichte trainingen"
"A028066";"042 Recht";"Recht, administratie, handel en zakelijke dienstverlening
Het gaat hier onder meer om de richtingen recht, juridische ondersteuning, administratie, bedrijfskunde, handel, marketing, financiële en zakelijke dienstverlening."
"A028067";"0421 Recht";"Dit omvat het onderwijs in de richting recht"
"A010294";"05 Wiskunde, natuurwetenschappen";"Het gaat hier om de richtingen levenswetenschappen, natuurwetenschappen, wiskunde en statistiek."
"A028240";"050 Wiskunde, natuurwetenschappen z.n.d.";"Brede programma's in de richtingen wiskunde en natuurwetenschappen. Het betreffen brede programma's zonder nadere differentiatie (z.n.d.)."
"A028241";"0500 Wiskunde,natuurwetenschappen z.n.d.";"Brede programma's in de richtingen wiskunde en natuurwetenschappen. Het betreffen brede programma's zonder nadere differentiatie (z.n.d.)."
"A028069";"051 Biologie en biochemie";"Dit omvat het onderwijs in de richting biologie en biochemie"
"A028242";"0510 Biologie en biochemie z.n.d.";"Dit omvat het onderwijs in de richting biologie en biochemie. Het betreffen brede programma's zonder nadere differentiatie (z.n.d.)."
"A028070";"0511 Biologie";"Dit omvat het onderwijs in de richting biologie"
"A028071";"0512 Biochemie";"Dit omvat het onderwijs in de richting biochemie"
"A028072";"052 Milieu en natuurbeheer";"Dit omvat het onderwijs in de richting milieu en natuurbeheer"
"A028243";"0520 Milieu en natuurbeheer z.n.d.";"Dit omvat het onderwijs in de richting milieu en natuurbeheer. Het betreffen brede programma's zonder nadere differentiatie (z.n.d.)."
"A028073";"0521 Milieu";"Dit omvat het onderwijs in de richting milieu"
"A028074";"0522 Natuurbeheer";"Dit omvat het onderwijs in de richting natuurbeheer"
"A028075";"053 Natuurwetenschappen";"Dit omvat het onderwijs in de richting natuurwetenschappen"
"A028244";"0530 Natuurwetenschappen z.n.d.";"Dit omvat het onderwijs in de richting natuurwetenschappen. Het betreffen brede programma's zonder nadere differentiatie (z.n.d.)."
"A028076";"0531 Scheikunde";"Dit omvat het onderwijs in de richting scheikunde"
"A028077";"0532 Aardwetenschappen";"Dit omvat het onderwijs in de richting aardwetenschappen"
"A028078";"0533 Natuurkunde";"Dit omvat het onderwijs in de richting natuurkunde"
"A028079";"054 Wiskunde en statistiek";"Dit omvat het onderwijs in de richting wiskunde en statistiek"
"A028245";"0540 Wiskunde en statistiek z.n.d.";"Dit omvat het onderwijs in de richting wiskunde en statistiek. Het betreffen brede programma's zonder nadere differentiatie (z.n.d.)."
"A028080";"0541 Wiskunde";"Dit omvat het onderwijs in de richting wiskunde"
"A028081";"0542 Statistiek";"Dit omvat het onderwijs in de richting statistiek"
"A010286";"06 Informatica";"Het gaat hier om de richtingen informatica, systeem- en netwerkbeheer, kunstmatige intelligentie, programmeren en computergebruik."
"A028246";"060 Informatica z.n.d.";"Brede programma's in de informatica.
 Het betreffen brede programma's zonder nadere differentiatie (z.n.d.)."
"A028247";"0600 Informatica z.n.d.";"Brede programma's in de informatica.
 Het betreffen brede programma's zonder nadere differentiatie (z.n.d.)."
"A028083";"061 Informatica";"Dit omvat het onderwijs in de richting informatica"
"A028248";"0610 Informatica z.n.d.";"Dit omvat het onderwijs in de richting informatica. Het betreffen brede programma's zonder nadere differentiatie (z.n.d.)."
"A028084";"0611 Computergebruik";"Dit omvat het onderwijs in de richting computergebruik"
"A028085";"0612 Ontwerp en beheer van database...";"Ontwerp en beheer van database en netwerken

Dit omvat het onderwijs in de richting ontwerp en beheer van database en netwerken"
"A028086";"0613 Softwareontwikkeling en systeema…";"Softwareontwikkeling en systeemanalyse

Dit omvat het onderwijs in de richting softwareontwikkeling en systeemanalyse"
"A028087";"0619 Informatica overig";"Dit omvat het onderwijs in de richting informatica overig, bijvoorbeeld op gebied van kunstmatige intelligentie."
"A010291";"07 Techniek, industrie en bouwkunde";"Het gaat hier onder meer om de richtingen techniek en technische dienstverlening, industrie, bouwkunde en architectuur."
"A028249";"070 Techniek, industrie, bouwk… z.n.d.";"Brede programma's in de richtingen techniek en technische dienstverlening, industrie, bouwkunde en architectuur. 
Het betreffen brede programma's zonder nadere differentiatie (z.n.d.)."
"A028250";"0700 Techniek, industrie, bouwk… z.n.d.";"Brede programma's in de richtingen techniek en technische dienstverlening. 
Het betreffen brede programma's zonder nadere differentiatie (z.n.d.)."
"A028089";"071 Techniek en technische dienstverl...";"Techniek en technische dienstverlening

Dit omvat het onderwijs in de richting techniek en technische dienstverlening"
"A028251";"0710 Techniek en technische... z.n.d.";"Brede programma's in de richtingen techniek en technische dienstverlening. 
Het betreffen brede programma's zonder nadere differentiatie (z.n.d.)."
"A028090";"0711 Scheikundige technologie en proc…";"Scheikundige technologie en procestechniek

Dit omvat het onderwijs in de richting scheikundige technologie en procestechniek"
"A028091";"0712 Milieubescherming en milieutechn...";"Milieubescherming en milieutechnologie

Dit omvat het onderwijs in de richting milieubescherming en milieutechnologie"
"A028092";"0713 Elektro- en energietechniek";"Dit omvat het onderwijs in de richting elektro- en energietechniek"
"A028093";"0714 Elektronica en industriële autom...";"Elektronica en industriële automatisering

Dit omvat het onderwijs in de richting elektronica en industriële automatisering"
"A028094";"0715 Werktuigbouwkunde,  metaalbewerking";"Werktuigbouwkunde en metaalbewerking

Dit omvat het onderwijs in de richting werktuigbouwkunde en metaalbewerking"
"A028095";"0716 Voertuigtechniek, scheepsbouw- ...";"Voertuigtechniek, scheepsbouw- en vliegtuigbouwkunde

Dit omvat het onderwijs in de richting voertuigtechniek, scheepsbouw- en vliegtuigbouwkunde"
"A050023";"0719 Techniek en technische dienstver...";"Techniek en technische dienstverlening overig. Dit omvat het onderwijs in de richting industrieel ontwerp met de nadruk op techniek."
"A028096";"072 Levensmiddelentechnologie- en ...";"Levensmiddelentechnologie- en non-ferrotechniek

Dit omvat het onderwijs in de richting levensmiddelentechnologie- en non-ferrotechniek"
"A028252";"0720 Levensmiddelentechnologie... z.n.d.";"Dit omvat het onderwijs in de richting levensmiddelentechnologie- en non-ferrotechniek. Het betreffen brede programma's zonder nadere differentiatie (z.n.d.)."
"A028097";"0721 Levensmiddelentechnologie";"Dit omvat het onderwijs in de richting levensmiddelentechnologie"
"A028098";"0722 Houtbewerking, papier-, kunststo…";"Houtbewerking, papier-, kunststofverwerking, keramiek

Dit omvat het onderwijs in de richting houtbewerking, papier-, kunsttofverwerking, keramiek"
"A028099";"0723 Textiel-, kleding-, schoenen-, ...";"Textiel-, kleding-, schoenen-, en leervervaardiging

Dit omvat het onderwijs in de richting textiel-, kleding-, schoenen-, en leervervaardiging"
"A028100";"0724 Delfstofwinning";"Dit omvat het onderwijs in de richting delfstofwinning"
"A028101";"073 Architectuur en bouwkunde";"Dit omvat het onderwijs in de richting architectuur en bouwkunde"
"A028253";"0730 Architectuur en bouwkunde z.n.d.";"Dit omvat het onderwijs in de richting architectuur en bouwkunde. Het betreffen brede programma's zonder nadere differentiatie (z.n.d.)."
"A028102";"0731 Architectuur en stedebouwkunde";"Dit omvat het onderwijs in de richting architectuur en stedebouwkunde"
"A028103";"0732 Bouwkunde en civiele techniek";"Dit omvat het onderwijs in de richting bouwkunde en civiele techniek"
"A010288";"08 Landbouw, diergeneeskunde en -verz...";"Landbouw, diergeneeskunde en -verzorging
Het gaat hier om de richtingen landbouw, tuinbouw, bosbouw, visserij, diergeneeskunde en dierverzorging."
"A028254";"080 Landbouw, diergeneeskunde en… z.n.d.";"Brede programma's in de richtingen landbouw, tuinbouw, bosbouw, visserij, diergeneeskunde en dierverzorging. 
 Het betreffen brede programma's zonder nadere differentiatie (z.n.d.)."
"A028255";"0800 Landbouw, diergeneeskunde … z.n.d.";"Brede programma's in de richtingen landbouw, tuinbouw, bosbouw, visserij, diergeneeskunde en dierverzorging. 
 Het betreffen brede programma's zonder nadere differentiatie (z.n.d.)."
"A028105";"081 Landbouw";"Dit omvat het onderwijs in de richting landbouw"
"A028256";"0810 Landbouw z.n.d.";"Dit omvat het onderwijs in de richting landbouw. Het betreffen brede programma's zonder nadere differentiatie (z.n.d.)."
"A028106";"0811 Landbouw en veeteelt";"Dit omvat het onderwijs in de richting landbouw en veeteelt"
"A028107";"0812 Tuinbouw";"Dit omvat het onderwijs in de richting tuinbouw"
"A028108";"082 Bosbouw";"Dit omvat het onderwijs in de richting bosbouw"
"A028109";"0821 Bosbouw";"Dit omvat het onderwijs in de richting bosbouw"
"A028110";"083 Visserij";"Dit omvat het onderwijs in de richting visserij"
"A028111";"0831 Visserij";"Dit omvat het onderwijs in de richting visserij"
"A028112";"084 Diergeneeskunde en -verzorging";"Dit omvat het onderwijs in de richting diergeneeskunde en -verzorging"
"A028113";"0841 Diergeneeskunde en -verzorging";"Dit omvat het onderwijs in de richting diergeneeskunde en -verzorging"
"A010285";"09 Gezondheidszorg en welzijn";"Het gaat hier onder meer om geneeskunde, farmacie, verpleging, (kinder)verzorging, sociaalpedagogisch werk, maatschappelijke en sociaaljuridische dienstverlening, en sociaal-cultureel werk."
"A028257";"090 Gezondheidszorg en welzijn z.n.d.";"Brede programma's in de richting gezondheidszorg en welzijn. Het betreffen brede programma's zonder nadere differentiatie (z.n.d.)."
"A028258";"0900 Gezondheidszorg en welzijn z.n.d.";"Brede programma's in de richting gezondheidszorg en welzijn. Het betreffen brede programma's zonder nadere differentiatie (z.n.d.)."
"A028115";"091 Gezondheidszorg";"Dit omvat het onderwijs in de richting gezondheidszorg"
"A028259";"0910 Gezondheidszorg z.n.d.";"Dit omvat het onderwijs in de richting gezondheidszorg. Het betreffen brede programma's zonder nadere differentiatie (z.n.d.)."
"A028116";"0911 Tandheelkunde";"Dit omvat het onderwijs in de richting tandheelkunde"
"A028117";"0912 Geneeskunde";"Dit omvat het onderwijs in de richting geneeskunde"
"A028118";"0913 Verpleeg- en verloskunde";"Dit omvat het onderwijs in de richting verpleeg- en verloskunde"
"A028119";"0914 Medische diagnostiek en medische...";"Medische diagnostiek en medische technologie

Dit omvat het onderwijs in de richting medische diagnostiek en medische technologie"
"A028120";"0915 Therapie en revalidatie";"Dit omvat het onderwijs in de richting therapie en revalidatie"
"A028121";"0916 Farmacie";"Dit omvat het onderwijs in de richting farmacie"
"A028122";"0917 Traditionele en alternatieve gen...";"Traditionele en alternatieve geneeskunde en therapie

Dit omvat het onderwijs in de richting traditionele en alternatieve geneeskunde en therapie"
"A028123";"0919 Gezondheidszorg overig";"Dit omvat het onderwijs in de richting gezondheidszorg overig, bijvoorbeeld opleidingen op gebied van epidemiologie"
"A028124";"092 Welzijn";"Dit omvat het onderwijs in de richting welzijn"
"A028260";"0920 Welzijn z.n.d.";"Dit omvat het onderwijs in de richting welzijn. Het betreffen brede programma's zonder nadere differentiatie (z.n.d.)."
"A028125";"0921 Gehandicaptenzorg voor volwas...";"Gehandicaptenzorg voor volwassenen en bejaarden- en gezinszorg

Dit omvat het onderwijs in de richting gehandicaptenzorg voor volwassenen en bejaarden- en gezinszorg"
"A028126";"0922 Jeugdpedagogisch werk, kinderver...";"Jeugdpedagogisch werk en kinderverzorging

Dit omvat het onderwijs in de richting jeugdpedagogisch werk en kinderverzorging"
"A028127";"0923 Maatschappelijk werk, beroepskeu...";"Maatschappelijk werk en beroepskeuzewerk

Dit omvat het onderwijs in de richting maatschappelijk werk en beroepskeuzewerk"
"A010283";"10 Dienstverlening";"Het gaat hier om horeca, toerisme, sport, facilitaire dienstverlening, schoonheidsverzorging, veiligheid, transport, logistiek en milieubescherming."
"A028261";"100 Dienstverlening z.n.d.";"Het gaat hier om horeca, toerisme, sport, facilitaire dienstverlening, schoonheidsverzorging, veiligheid, transport, logistiek en milieubescherming. 
Het betreffen brede programma's zonder nadere differentiatie (z.nd.)."
"A028262";"1000 Dienstverlening z.n.d.";"Het gaat hier om horeca, toerisme, sport, facilitaire dienstverlening, schoonheidsverzorging, veiligheid, transport, logistiek en milieubescherming. 
Het betreffen brede programma's zonder nadere differentiatie (z.n.d.)."
"A028129";"101 Persoonlijke dienstverlening";"Dit omvat het onderwijs in de richting persoonlijke dienstverlening"
"A028263";"1010 Persoonlijke dienstverlening z.n.d.";"Dit omvat het onderwijs in de richting persoonlijke dienstverlening. Het betreffen brede programma's zonder nadere differentiatie (z.n.d.)."
"A028130";"1011 Huishoudkunde, facilitaire diens…";"Huishoudkunde, facilitaire dienstverlening en reiniging

Dit omvat het onderwijs in de richting huishoudkunde, facilitiare dienstverlening en reiniging"
"A028131";"1012 Schoonheids- en haarverzorging";"Dit omvat het onderwijs in de richting schoonheids- en haarverzorging"
"A028132";"1013 Horeca";"Dit omvat het onderwijs in de richting horeca"
"A028133";"1014 Sport";"Dit omvat het onderwijs in de richting sport"
"A028134";"1015 Toerisme en vrijetijdsbesteding";"Dit omvat het onderwijs in de richting toerisme en vrijetijdsbesteding"
"A028135";"102 Hygiëne en arbeidsomstandigheden";"Dit omvat het onderwijs in de richting hygiëne en arbeidsomstandigheden"
"A028264";"1020 Hygiëne en arbeidsomstand… z.n.d.";"Dit omvat het onderwijs in de richting hygiëne en arbeidsomstandigheden. Het betreffen brede programma's zonder nadere differentiatie (z.n.d.)."
"A028136";"1021 Openbare reiniging, waterbeh...";"Openbare reiniging, waterbeheer en -distributie

Dit omvat het onderwijs in de richting openbare reiniging, waterbeheer en -distributie"
"A028137";"1022 Veiligheid op het werk en ergonomie";"Dit omvat het onderwijs in de richting veiligheid op het werk en ergonomie"
"A028138";"103 Openbare veiligheid";"Dit omvat het onderwijs in de richting openbare veiligheid"
"A028265";"1030 Openbare veiligheid z.n.d.";"Dit omvat het onderwijs in de richting openbare veiligheid. Het betreffen brede programma's zonder nadere differentiatie (z.n.d.)."
"A028139";"1031 Krijgsmacht";"Dit omvat het onderwijs in de richting krijgsmacht"
"A028140";"1032 Openbare orde en veiligheid";"Dit omvat het onderwijs in de richting openbare orde en veiligheid"
"A028141";"104 Transport en logistiek";"Dit omvat het onderwijs in de richting transport en logistiek"
"A028142";"1041 Transport en logistiek";"Dit omvat het onderwijs in de richting transport en logistiek"
"A010297";"Onderwijsrichting onbekend";"De onderwijsrichting is onbekend. "
"Perioden"
Key;Title;Description;Status
"2010SJ00";"2010/'11";;"Definitief"
"2011SJ00";"2011/'12";;"Definitief"
"2012SJ00";"2012/'13";;"Definitief"
"2013SJ00";"2013/'14";;"Definitief"
"2014SJ00";"2014/'15";;"Definitief"
"2015SJ00";"2015/'16";"";"Definitief"
"2016SJ00";"2016/'17";"";"Definitief"
"2017SJ00";"2017/'18";"";"Definitief"
"2018SJ00";"2018/'19";"";"Definitief"
"2019SJ00";"2019/'20";"";"Definitief"
"2020SJ00";"2020/'21";"";"Definitief"
"2021SJ00";"2021/'22";"Voorlopige cijfers";"Voorlopig"
